URL,Last crawled
https://cowboykimono.com/3-sign-designs-inspired-,2025-11-14
https://www.cowboykimono.com/index.html,2025-11-11
https://www.cowboykimono.com/blog/how-to-create-a-hip-jackalope-display,2025-11-11
https://cowboykimono.com/blog/red-white-clues-a-memorial-day-scavenger-hunt-for-all-ages-2,2025-11-10
https://cowboykimono.com/blog/how-to-create-a-hip-jackalope-display,2025-11-10
https://cowboykimono.com/blog/jackalope-garden-display-diy,2025-11-10
https://www.cowboykimono.com/blog/walk-and-celebrate,2025-11-06
https://cowboykimono.com/index.html,2025-11-05
http://www.cowboykimono.com/your-labor-is-loved/,2025-10-11
https://cowboykimono.com/downloads/coloring-pages,2025-10-01
https://cowboykimono.com/blog/catch-of-the-day-this-diy-skirt-2,2025-10-01
https://cowboykimono.com/downloads/diy-tutorials,2025-09-30
https://cowboykimono.com/blog/red-and-green-chile-hominy-casserole,2025-09-30
https://cowboykimono.com/downloads/craft-templates,2025-09-29
https://www.cowboykimono.com/craft-templates.html,2025-09-28
https://www.cowboykimono.com/blog/tag/puff-paint,2025-09-27
https://www.cowboykimono.com/blog/tag/jackalope,2025-09-27
https://www.cowboykimono.com/blog/tag/vintage-chintz,2025-09-27
https://www.cowboykimono.com/blog/tag/memorial-day,2025-09-26
https://www.cowboykimono.com/blog/tag/sardines,2025-09-26
https://www.cowboykimono.com/blog/tag/fabric-paint,2025-09-25
https://www.cowboykimono.com/blog/new-in-the-shop-a-velvet-skirt-with-some-serious-70s-mojo-2,2025-09-18
https://www.cowboykimono.com/blog/tag/signs,2025-09-13
https://www.cowboykimono.com/shop.html,2025-09-01
https://www.cowboykimono.com/wip.html,2025-08-31
https://www.cowboykimono.com/downloads/coloring-pages/CK_Wash_Painted_Denim.pdf,2025-08-31
https://www.cowboykimono.com/blog/tag/outdoor,2025-08-29
https://www.cowboykimono.com/blog/do-these-stripes-and-polka-dots-make-my-tail-look-big-t-rexs-fashion-crisis,2025-08-28
https://www.cowboykimono.com/diy-tutorials.html,2025-08-27
https://www.cowboykimono.com/rise-and-shine-fathers-day/,2025-08-27
https://www.cowboykimono.com/blog.html/,2025-08-27
https://www.cowboykimono.com/create-your-kimono/,2025-08-18
https://www.cowboykimono.com/blog/tag/stop-motion,2025-08-17
https://www.cowboykimono.com/blog/tag/scavenger-hunt,2025-08-17
https://www.cowboykimono.com/blog/tag/skirts,2025-08-16
https://api.cowboykimono.com/2019/06/08/mail-art/,2025-08-15
https://api.cowboykimono.com/2020/10/03/create-a-kickass-thank-you-for-your-mail-carrier/,2025-08-15
https://api.cowboykimono.com/2019/07/29/cactus-patch-mail-art/,2025-08-15
https://api.cowboykimono.com/2021/04/28/denim-day/,2025-08-15
https://admin.cowboykimono.com/wp-json/wp/v2/comments/38,2025-08-15
https://api.cowboykimono.com/2025/01/23/poodoodle-journal/,2025-08-14
https://api.cowboykimono.com/2019/03/13/sneezing-geisha-overhaul/,2025-08-14
https://api.cowboykimono.com/2019/05/14/painted-portrait-jacket/,2025-08-14
https://api.cowboykimono.com/2020/04/22/grocery-bag-bird-ornaments/,2025-08-14
https://api.cowboykimono.com/2019/12/26/the-evolution-of-denim-infographic/,2025-08-13
https://api.cowboykimono.com/2021/08/27/vines-sacred-hearts-itty-bitty-jean-jacket-2/feed/,2025-08-13
https://api.cowboykimono.com/2021/04/21/how-to-keep-your-old-denim-out-of-the-landfill/,2025-08-13
https://api.cowboykimono.com/2021/05/26/jumpstart-your-memorial-day/,2025-08-13
https://api.cowboykimono.com/2019/11/26/painted-denim-mash-up/,2025-08-13
https://api.cowboykimono.com/2021/09/09/fashion-inspiration-from-my-travels-on-the-world-wide-web/,2025-08-13
https://api.cowboykimono.com/2021/05/31/3-june-bugs-youll-love-immediately/,2025-08-13
https://api.cowboykimono.com/2020/04/27/the-bright-side-of-social-distancing/,2025-08-13
https://api.cowboykimono.com/2020/06/20/rise-and-shine-fathers-day/,2025-08-13
https://api.cowboykimono.com/2020/12/23/5-gifts-you-can-create-today-for-zero-dollars/,2025-08-13
https://api.cowboykimono.com/2020/09/07/your-labor-is-loved/,2025-08-13
https://api.cowboykimono.com/2021/02/10/irresistible-paper-craft-year-of-the-ox/,2025-08-13
https://api.cowboykimono.com/2020/03/03/digital-marketing-bootcamp/,2025-08-13
https://api.cowboykimono.com/2020/05/25/walk-and-celebrate/,2025-08-13
https://api.cowboykimono.com/2021/05/20/confessions-of-a-fashion-maverick/,2025-08-12
https://api.cowboykimono.com/2022/04/12/green-chile-hominy-casserole/,2025-08-12
https://api.cowboykimono.com/2019/01/25/flattering-caricatures/,2025-08-12
https://api.cowboykimono.com/2020/05/05/fabric-paint-saves-fat-pants/,2025-08-12
https://api.cowboykimono.com/2019/02/14/rocker-raver-or-funky-cowgirl/,2025-08-12
https://api.cowboykimono.com/2020/10/21/create-scary-silhouettes/,2025-08-12
https://api.cowboykimono.com/2020/08/05/how-to-wash-painted-denim/,2025-08-12
https://api.cowboykimono.com/2020/04/22/grocery-bag-bird-ornaments/feed/,2025-08-11
https://api.cowboykimono.com/2024/03/27/jackalope-garden-display-diy/,2025-08-11
https://api.cowboykimono.com/2021/02/10/irresistible-paper-craft-year-of-the-ox/feed/,2025-08-11
https://api.cowboykimono.com/2025/05/23/red-white-clues-a-memorial-day-scavenger-hunt-for-all-ages-2/,2025-08-11
https://api.cowboykimono.com/2020/12/21/hello-christmas-star-how-long-has-it-been/,2025-08-11
https://api.cowboykimono.com/2022/08/25/vintage-chintz-and-steam-trains/,2025-08-11
https://api.cowboykimono.com/2025/06/26/new-in-the-shop-a-velvet-skirt-with-some-serious-70s-mojo-2/green_velvet_model_smjpg-2/,2025-08-11
https://api.cowboykimono.com/wp-json/wp/v2/tags/202,2025-08-10
https://api.cowboykimono.com/2020/04/27/the-bright-side-of-social-distancing/feed/,2025-08-10
https://api.cowboykimono.com/2020/05/07/colorful-craft-for-moms-day/feed/,2025-08-10
https://api.cowboykimono.com/2021/09/09/fashion-inspiration-from-my-travels-on-the-world-wide-web/feed/,2025-08-09
https://www.cowboykimono.com/blog/3-sign-designs-inspired-by-vintage-chintz-and-steam-trains,2025-08-09
https://api.cowboykimono.com/2020/12/23/5-gifts-you-can-create-today-for-zero-dollars/feed/,2025-08-09
https://api.cowboykimono.com/2019/02/14/rocker-raver-or-funky-cowgirl/feed/,2025-08-09
https://api.cowboykimono.com/2020/05/05/fabric-paint-saves-fat-pants/feed/,2025-08-09
https://api.cowboykimono.com/wp-json/wp/v2/categories/184,2025-08-09
https://api.cowboykimono.com/2021/05/26/jumpstart-your-memorial-day/feed/,2025-08-09
https://api.cowboykimono.com/2023/08/26/diy-sofa-table/,2025-08-09
https://api.cowboykimono.com/2019/01/25/flattering-caricatures/feed/,2025-08-09
https://api.cowboykimono.com/2020/10/03/create-a-kickass-thank-you-for-your-mail-carrier/feed/,2025-08-09
https://api.cowboykimono.com/2020/09/07/your-labor-is-loved/feed/,2025-08-09
https://api.cowboykimono.com/2020/03/03/digital-marketing-bootcamp/feed/,2025-08-09
https://api.cowboykimono.com/2020/05/25/walk-and-celebrate/feed/,2025-08-09
https://api.cowboykimono.com/2022/08/25/vintage-chintz-and-steam-trains/feed/,2025-08-09
https://api.cowboykimono.com/wp-json/wp/v2/media/3304,2025-08-09
https://api.cowboykimono.com/2019/12/26/the-evolution-of-denim-infographic/feed/,2025-08-09
https://api.cowboykimono.com/2025/01/23/poodoodle-journal/feed/,2025-08-08
https://api.cowboykimono.com/2019/06/08/mail-art/feed/,2025-08-08
https://api.cowboykimono.com/2020/06/20/rise-and-shine-fathers-day/feed/,2025-08-07
https://api.cowboykimono.com/2019/03/13/sneezing-geisha-overhaul/feed/,2025-08-07
https://api.cowboykimono.com/wp-json/wp/v2/comments/38,2025-08-06
https://api.cowboykimono.com/2025/06/02/diy-sardine-skirt/,2025-08-06
https://api.cowboykimono.com/2021/08/27/vines-sacred-hearts-itty-bitty-jean-jacket-2/,2025-08-06
https://api.cowboykimono.com/manual,2025-08-06
https://www.cowboykimono.com/blog/the-creative-process-behind-each-painted-jacket-2,2025-08-06
https://www.cowboykimono.com/blog/tag/kitschy,2025-07-25
https://www.cowboykimono.com/blog/tag/stencils,2025-07-25
https://www.cowboykimono.com/blog/tag/handmade,2025-07-25
https://www.cowboykimono.com/blog/tag/family-fun,2025-07-24